<ImportExportXml xmlns:xsi="http://www.w3.org/2001/XMLSchema-instance">
  <Entities></Entities>
  <Roles></Roles>
  <Workflows></Workflows>
  <FieldSecurityProfiles></FieldSecurityProfiles>
  <Templates />
  <EntityMaps />
  <EntityRelationships />
  <OrganizationSettings />
  <optionsets />
  <WebResources>
    <WebResource>
      <WebResourceId>{62d430ff-d27a-e911-a820-000d3a47c8cb}</WebResourceId>
      <Name>val_JQuery341</Name>
      <DisplayName>JQuery341</DisplayName>
      <WebResourceType>3</WebResourceType>
      <IntroducedVersion>1.0.0.0</IntroducedVersion>
      <IsEnabledForMobileClient>0</IsEnabledForMobileClient>
      <IsAvailableForMobileOffline>0</IsAvailableForMobileOffline>
      <DependencyXml>&lt;Dependencies&gt;&lt;Dependency componentType="WebResource"/&gt;&lt;/Dependencies&gt;</DependencyXml>
      <IsCustomizable>1</IsCustomizable>
      <CanBeDeleted>1</CanBeDeleted>
      <IsHidden>0</IsHidden>
      <FileName>/WebResources/val_JQuery34162D430FF-D27A-E911-A820-000D3A47C8CB</FileName>
    </WebResource>
    <WebResource>
      <WebResourceId>{3a3cd617-d37a-e911-a820-000d3a47c8cb}</WebResourceId>
      <Name>val_JSON</Name>
      <DisplayName>JSON</DisplayName>
      <WebResourceType>3</WebResourceType>
      <IntroducedVersion>1.0.0.0</IntroducedVersion>
      <IsEnabledForMobileClient>0</IsEnabledForMobileClient>
      <IsAvailableForMobileOffline>0</IsAvailableForMobileOffline>
      <DependencyXml>&lt;Dependencies&gt;&lt;Dependency componentType="WebResource"/&gt;&lt;/Dependencies&gt;</DependencyXml>
      <IsCustomizable>1</IsCustomizable>
      <CanBeDeleted>1</CanBeDeleted>
      <IsHidden>0</IsHidden>
      <FileName>/WebResources/val_JSON3A3CD617-D37A-E911-A820-000D3A47C8CB</FileName>
    </WebResource>
    <WebResource>
      <WebResourceId>{1fd6bb94-db7a-e911-a820-000d3a47c8cb}</WebResourceId>
      <Name>val_UsersRightsViewsCSS</Name>
      <DisplayName>UsersRightsViewsCSS</DisplayName>
      <WebResourceType>2</WebResourceType>
      <IntroducedVersion>1.0.0.0</IntroducedVersion>
      <IsEnabledForMobileClient>0</IsEnabledForMobileClient>
      <IsAvailableForMobileOffline>0</IsAvailableForMobileOffline>
      <DependencyXml>&lt;Dependencies&gt;&lt;Dependency componentType="WebResource"/&gt;&lt;/Dependencies&gt;</DependencyXml>
      <IsCustomizable>1</IsCustomizable>
      <CanBeDeleted>1</CanBeDeleted>
      <IsHidden>0</IsHidden>
      <FileName>/WebResources/val_UsersRightsViewsCSS1FD6BB94-DB7A-E911-A820-000D3A47C8CB</FileName>
    </WebResource>
    <WebResource>
      <WebResourceId>{a36ca4ac-db7a-e911-a820-000d3a47c8cb}</WebResourceId>
      <Name>val_UsersRightsViewsJS</Name>
      <DisplayName>UsersRightsViewsJS</DisplayName>
      <WebResourceType>3</WebResourceType>
      <IntroducedVersion>1.0.0.0</IntroducedVersion>
      <IsEnabledForMobileClient>0</IsEnabledForMobileClient>
      <IsAvailableForMobileOffline>0</IsAvailableForMobileOffline>
      <DependencyXml>&lt;Dependencies&gt;&lt;Dependency componentType="WebResource"/&gt;&lt;/Dependencies&gt;</DependencyXml>
      <IsCustomizable>1</IsCustomizable>
      <CanBeDeleted>1</CanBeDeleted>
      <IsHidden>0</IsHidden>
      <FileName>/WebResources/val_UsersRightsViewsJSA36CA4AC-DB7A-E911-A820-000D3A47C8CB</FileName>
    </WebResource>
    <WebResource>
      <WebResourceId>{ee031c62-e07a-e911-a820-000d3a47c8cb}</WebResourceId>
      <Name>val_UsersRightsViewsHtml</Name>
      <DisplayName>UserRightsViewsHTLM</DisplayName>
      <WebResourceType>1</WebResourceType>
      <IntroducedVersion>1.0.0.0</IntroducedVersion>
      <IsEnabledForMobileClient>0</IsEnabledForMobileClient>
      <IsAvailableForMobileOffline>0</IsAvailableForMobileOffline>
      <DependencyXml>&lt;Dependencies&gt;&lt;Dependency componentType="WebResource"/&gt;&lt;/Dependencies&gt;</DependencyXml>
      <IsCustomizable>1</IsCustomizable>
      <CanBeDeleted>1</CanBeDeleted>
      <IsHidden>0</IsHidden>
      <FileName>/WebResources/val_UsersRightsViewsHtmlEE031C62-E07A-E911-A820-000D3A47C8CB</FileName>
    </WebResource>
    <WebResource>
      <WebResourceId>{6b4597e8-4cb8-e911-a82e-000d3a47ca4c}</WebResourceId>
      <Name>val_swapicon</Name>
      <DisplayName>swapicon</DisplayName>
      <WebResourceType>6</WebResourceType>
      <IntroducedVersion>1.0.0.1</IntroducedVersion>
      <IsEnabledForMobileClient>0</IsEnabledForMobileClient>
      <IsAvailableForMobileOffline>0</IsAvailableForMobileOffline>
      <DependencyXml>&lt;Dependencies&gt;&lt;Dependency componentType="WebResource"/&gt;&lt;/Dependencies&gt;</DependencyXml>
      <IsCustomizable>1</IsCustomizable>
      <CanBeDeleted>1</CanBeDeleted>
      <IsHidden>0</IsHidden>
      <FileName>/WebResources/val_swapicon6B4597E8-4CB8-E911-A82E-000D3A47CA4C</FileName>
    </WebResource>
  </WebResources>
  <CustomControls />
  <EntityDataProviders />
  <Languages>
    <Language>1030</Language>
  </Languages>
</ImportExportXml>